Chocolate milk (1 cup),208
Low fat (2%) milk,121
Pudding (any flavor) (1/2 cup),161
Skim milk (1 cup),86
Yogurt (fruit-flavored- low fat) (1 cup),225
Yogurt (frozen- low fat) (1 cup),220
Black eye peas (1/2 cup),134
Garbanzo beans (chick peas) (1 cup),269
Navy beans (1 cup),259
Pinto beans (1 cup),235
Refried beans (1/2 cup),142
White beans (1 cup),249
Apple (1 medium),81
Apple juice (1 cup),111
Applesauce (1 cup),232
Banana (1),105
Cantaloupe (1 cup),57
Dates (dried)(10),228
Fruit Roll-Ups (1 roll),50
Grapes (1 cup),114
Grape Juice (1 cup),96
Orange (1),65
Orange Juice (1 cup),112
Pear (1),98
Pineapple (1 cup),77
Prunes (dried)(10),201
Raisins (1/2 cup),302
Raspberries (1 cup),61
Strawberries (1 cup),45
Watermelon (1 cup),50
Carrot (1 medium),31
Corn (1/2 cup),89
Beans, Lima (1/2 cup cooked),108
Peas, green (1/2 cup),63
Potato (1 large, baked, plain),220
Sweet Potato (1 large),118
Three-bean salad (1/2 cup),90
Bagel (1),165
Biscuit (1),103
Breadsticks (2 sticks),77
Bread (white)(1 slice),61
Bread (whole wheat)(1 slice),55
Cereal, ready to eat (1 cup),110
Cookie (oatmeal raisin)(1),62
Cornbread (1 square),178
Cream of Rice (3/4 cup),95
Cream of Wheat (3/4 cup),96
English Muffin,130
Fig Bar (1),50
Graham crackers (2 squares),60
Granola bar (honey and oats) (1 ounce),125
Hamburger bun (1),119
Hot dog bun (1),119
Noodles (spaghetti)(1 cup),159
Oatmeal (1/2 cup),66
Oatmeal, Quaker instant, flavored (1 packet),110
Pancake (4 inch diameter),41
Pizza (cheese)(1 slice),290
Popcorn, plain (1 cup, popped),26
Pretzels (1 ounce),106
Rice, white (1 cup),223
Rice, brown (1 cup),232
Saltines (5 crackers),60
Tortilla, flour (1),85
TriscuitsTM(3 crackers),60
Waffles (2, 3.5 x 5.5),130
100% NATURAL CEREAL 1 OZ,135
1000 ISLAND; SALAD DRSNG;LOCAL1 TBSP,25
1000 ISLAND; SALAD DRSNG;REGLR1 TBSP,60
40% BRAN FLAKES; KELLOGGS 1 OZ,90
40% BRAN FLAKES; POST 1 OZ,90
ALFALFA SEEDS; SPROUTED; RAW 1 CUP,10
ALL-BRAN CEREAL 1 OZ,70
ALMONDS; SLIVERED 1 CUP,795
ALMONDS; WHOLE 1 OZ,165
ANGELFOOD CAKE; FROM MIX 1 CAKE,1510
ANGELFOOD CAKE; FROM MIX 1 PIECE,125
APPLE JUICE; CANNED 1 CUP,115
APPLE PIE 1 PIE,2420
APPLE PIE 1 PIECE,405
APPLES; DRIED; SULFURED 10 RINGS,155
APPLES; RAW; PEELED; SLICED 1 CUP,65
APPLES; RAW; UNPEELED;2 PER LB1 APPLE,125
APPLES; RAW; UNPEELED;3 PER LB1 APPLE,80
APPLESAUCE; CANNED; SWEETENED 1 CUP,195
APPLESAUCE; CANNED;UNSWEETENED1 CUP,105
APRICOT NECTAR; NO ADDED VIT C1 CUP,140
APRICOT; CANNED; HEAVY SYRUP 1 CUP,215
APRICOT; CANNED; HEAVY SYRUP 3 HALVES,70
APRICOTS; CANNED; JUICE PACK 1 CUP,120
APRICOTS; CANNED; JUICE PACK 3 HALVES,40
APRICOTS; DRIED; COOKED;UNSWTN1 CUP,210
APRICOTS; DRIED; UNCOOKED 1 CUP,310
APRICOTS; RAW 3 APRCOT,50
ARTICHOKES; GLOBE; COOKED; DRN1 ARTCHK,55
ASPARAGUS; CKD FRM FRZ;DR;SPER4 SPEARS,15
ASPARAGUS; CKD FRM FRZ;DRN;CUT1 CUP,50
ASPARAGUS; CKD FRM RAW; DR;CUT1 CUP,45
ASPARAGUS; CKD FRM RAW;DR;SPER4 SPEARS,15
ASPARAGUS;CANNED;SPEARS;NOSALT4 SPEARS,10
ASPARAGUS;CANNED;SPEARS;W/SALT4 SPEARS,10
AVOCADOS; CALIFORNIA 1 AVOCDO,305
AVOCADOS; FLORIDA 1 AVOCDO,340
BAGELS; EGG 1 BAGEL,200
BAGELS; PLAIN 1 BAGEL,200
BAKING POWDER; LOW SODIUM 1 TSP,5
BAKING POWDER; STRGHT PHOSPHAT1 TSP,5
BAKING POWDER;SAS; CA PO4 1 TSP,5
BAKING POWDER;SAS;CAPO4+CASO4 1 TSP,5
BAKING PWDR BISCUITS;FROM MIX 1 BISCUT,95
BAKING PWDR BISCUITS;HOMERECPE1 BISCUT,100
BAKING PWDR BISCUITS;REFRGDOGH1 BISCUT,65
BAMBOO SHOOTS; CANNED; DRAINED1 CUP,25
BANANAS 1 BANANA,105
BANANAS; SLICED 1 CUP,140
BARBECUE SAUCE 1 TBSP,10
BARLEY; PEARLED;LIGHT; UNCOOKD1 CUP,700
BEAN SPROUTS; MUNG; COOKD;DRAN1 CUP,25
BEAN SPROUTS; MUNG; RAW 1 CUP,30
BEAN WITH BACON SOUP; CANNED 1 CUP,170
BEANS;DRY;CANNED;W/FRANKFURTER1 CUP,365
BEANS;DRY;CANNED;W/PORK+SWTSCE1 CUP,385
BEANS;DRY;CANNED;W/PORK+TOMSCE1 CUP,310
BEEF AND VEGETABLE STEW;HM RCP1 CUP,220
BEEF BROTH; BOULLN; CONSM;CNND1 CUP,15
BEEF GRAVY; CANNED 1 CUP,125
BEEF HEART; BRAISED 3 OZ,150
BEEF LIVER; FRIED 3 OZ,185
BEEF NOODLE SOUP; CANNED 1 CUP,85
BEEF POTPIE; HOME RECIPE 1 PIECE,515
BEEF ROAST; EYE O RND; LEAN 2.6 OZ,135
BEEF ROAST; EYE O RND;LEAN+FAT3 OZ,205
BEEF ROAST; RIB; LEAN + FAT 3 OZ,315
BEEF ROAST; RIB; LEAN ONLY 2.2 OZ,150
BEEF STEAK;SIRLOIN;BROIL;LEAN 2.5 OZ,150
BEEF STEAK;SIRLOIN;BROIL;LN+FT3 OZ,240
BEEF; CANNED; CORNED 3 OZ,185
BEEF; CKD;BTTM ROUND;LEAN ONLY2.8 OZ,175
BEEF; CKD;BTTM ROUND;LEAN+ FAT3 OZ,220
BEEF; CKD;CHUCK BLADE;LEAN+FAT3 OZ,325
BEEF; CKD;CHUCK BLADE;LEANONLY2.2 OZ,170
BEEF; DRIED; CHIPPED 2.5 OZ,145
BEER; LIGHT 12 FL OZ,95
BEER; REGULAR 12 FL OZ,150
BEET GREENS; COOKED; DRAINED 1 CUP,40
BEETS; CANNED; DRAINED;NO SALT1 CUP,55
BEETS; CANNED; DRAINED;W/ SALT1 CUP,55
BEETS; COOKED; DRAINED; DICED 1 CUP,55
BEETS; COOKED; DRAINED; WHOLE 2 BEETS,30
BLACK BEANS; DRY; COOKED;DRAND1 CUP,225
BLACKBERRIES; RAW 1 CUP,75
BLACKEYE PEAS; IMMATR;RAW;CKED1 CUP,180
BLACKEYE PEAS;IMMTR;FRZN;CKED 1 CUP,225
BLACK-EYED PEAS; DRY; COOKED 1 CUP,190
BLUE CHEESE 1 OZ,100
BLUE CHEESE SALAD DRESSING 1 TBSP,75
BLUEBERRIES; FROZEN; SWEETENED1 CUP,185
BLUEBERRIES; FROZEN; SWEETENED10 OZ,230
BLUEBERRIES; RAW 1 CUP,80
BLUEBERRY MUFFINS; HOME RECIPE1 MUFFIN,135
BLUEBERRY MUFFINS;FROM COM MIX1 MUFFIN,140
BLUEBERRY PIE 1 PIE,2285
BLUEBERRY PIE 1 PIECE,380
BOLOGNA 2 SLICES,180
BOSTON BROWN BREAD;W/WHTECRNM 1 SLICE,95
BOSTON BROWN BREAD;W/YLLWCRNML1 SLICE,95
BOUILLON; DEHYDRTD; UNPREPARED1 PKT,15
BRAN MUFFINS; FROM COMMERL MIX1 MUFFIN,140
BRAN MUFFINS; HOME RECIPE 1 MUFFIN,125
BRAUNSCHWEIGER 2 SLICES,205
BRAZIL NUTS 1 OZ,185
BREAD STUFFING;FROM MX;DRYTYPE1 CUP,500
BREAD STUFFING;FROM MX;MOIST 1 CUP,420
BREADCRUMBS; DRY; GRATED 1 CUP,390
BROCCOLI; FRZN; COOKED; DRANED1 CUP,50
BROCCOLI; FRZN; COOKED; DRANED1 PIECE,10
BROCCOLI; RAW 1 SPEAR,40
BROCCOLI; RAW; COOKED; DRAINED1 CUP,45
BROCCOLI; RAW; COOKED; DRAINED1 SPEAR,50
BROWN AND SERVE SAUSAGE;BRWND 1 LINK,50
BROWN GRAVY FROM DRY MIX 1 CUP,80
BROWNIES W/ NUTS;FRM HOME RECP1 BROWNE,95
BROWNIES W/ NUTS;FRSTNG;CMMRCL1 BROWNE,100
BRUSSELS SPROUTS; FRZN; COOKED1 CUP,65
BRUSSELS SPROUTS; RAW; COOKED 1 CUP,60
BUCKWHEAT FLOUR; LIGHT; SIFTED1 CUP,340
BULGUR; UNCOOKED 1 CUP,600
BUTTER; SALTED 1 PAT,35
BUTTER; SALTED 1 TBSP,100
BUTTER; SALTED 1/2 CUP,810
BUTTER; UNSALTED 1 PAT,35
BUTTER; UNSALTED 1 TBSP,100
BUTTER; UNSALTED 1/2 CUP,810
BUTTERMILK; DRIED 1 CUP,465
BUTTERMILK; FLUID 1 CUP,100
CABBAGE; CHINESE; PAK-CHOI;CKD1 CUP,20
CABBAGE; CHINESE;PE-TSAI; RAW 1 CUP,10
CABBAGE; COMMON; COOKED; DRNED1 CUP,30
CABBAGE; COMMON; RAW 1 CUP,15
CABBAGE; RED; RAW 1 CUP,20
CABBAGE; SAVOY; RAW 1 CUP,20
CAKE OR PASTRY FLOUR; SIFTED 1 CUP,350
CAMEMBERT CHEESE 1 WEDGE,115
CANTALOUP; RAW 1/2 MELN,95
CAPN CRUNCH CEREAL 1 OZ,120
CARAMELS; PLAIN OR CHOCOLATE 1 OZ,115
CAROB FLOUR 1 CUP,255
CARROT CAKE;CREMCHESE FRST;REC1 CAKE,6175
CARROT CAKE;CREMCHESE FRST;REC1 PIECE,385
CARROTS; CANNED; DRN; W/ SALT 1 CUP,35
CARROTS; CANNED;DRND; W/O SALT1 CUP,35
CARROTS; COOKED FROM FROZEN 1 CUP,55
CARROTS; COOKED FROM RAW 1 CUP,70
CARROTS; RAW; GRATED 1 CUP,45
CARROTS; RAW; WHOLE 1 CARROT,30
CASHEW NUTS; DRY ROASTD;SALTED1 OZ,165
CASHEW NUTS; DRY ROASTD;UNSALT1 CUP,785
CASHEW NUTS; DRY ROASTD;UNSALT1 OZ,165
CASHEW NUTS; DRY ROASTED;SALTD1 CUP,785
CASHEW NUTS; OIL ROASTD;SALTED1 CUP,750
CASHEW NUTS; OIL ROASTD;SALTED1 OZ,165
CASHEW NUTS; OIL ROASTD;UNSALT1 CUP,750
CASHEW NUTS; OIL ROASTD;UNSALT1 OZ,165
CATSUP 1 CUP,290
CATSUP 1 TBSP,15
CAULIFLOWER; COOKED FROM FROZN1 CUP,35
CAULIFLOWER; COOKED FROM RAW 1 CUP,30
CAULIFLOWER; RAW 1 CUP,25
CELERY SEED 1 TSP,10
CELERY; PASCAL TYPE; RAW;PIECE1 CUP,20
CELERY; PASCAL TYPE; RAW;STALK1 STALK,5
CHEDDAR CHEESE 1 CU IN,70
CHEDDAR CHEESE 1 OZ,115
CHEDDDAR CHEESE; SHREDDED 1 CUP,455
CHEERIOS CEREAL 1 OZ,110
CHEESE CRACKERS; PLAIN 10 CRACK,50
CHEESE CRACKERS; SANDWCH;PEANT1 SANDWH,40
CHEESE SAUCE W/ MILK; FRM MIX 1 CUP,305
CHEESEBURGER; 4OZ PATTY 1 SANDWH,525
CHEESEBURGER; REGULAR 1 SANDWH,300
CHEESECAKE 1 CAKE,3350
CHEESECAKE 1 PIECE,280
CHERRIES; SOUR;RED;CANND;WATER1 CUP,90
CHERRIES; SWEET; RAW 10 CHERY,50
CHERRY PIE 1 PIE,2465
CHERRY PIE 1 PIECE,410
CHESTNUTS; EUROPEAN; ROASTED 1 CUP,350
CHICKEN A LA KING; HOME RECIPE1 CUP,470
CHICKEN AND NOODLES; HOME RECP1 CUP,365
CHICKEN CHOW MEIN; CANNED 1 CUP,95
CHICKEN CHOW MEIN; HOME RECIPE1 CUP,255
CHICKEN FRANKFURTER 1 FRANK,115
CHICKEN GRAVY FROM DRY MIX 1 CUP,85
CHICKEN GRAVY; CANNED 1 CUP,190
CHICKEN LIVER; COOKED 1 LIVER,30
CHICKEN NOODLE SOUP; CANNED 1 CUP,75
CHICKEN NOODLE SOUP;DEHYD;PRPD1 PKT,40
CHICKEN POTPIE; HOME RECIPE 1 PIECE,545
CHICKEN RICE SOUP; CANNED 1 CUP,60
CHICKEN ROLL; LIGHT 2 SLICES,90
CHICKEN; CANNED; BONELESS 5 OZ,235
CHICKEN; FRIED; BATTER; BREAST4.9 OZ,365
CHICKEN; FRIED; BATTER;DRMSTCK2.5 OZ,195
CHICKEN; FRIED; FLOUR; BREAST 3.5 OZ,220
CHICKEN; FRIED; FLOUR; DRMSTCK1.7 OZ,120
CHICKEN; ROASTED; BREAST 3.0 OZ,140
CHICKEN; ROASTED; DRUMSTICK 1.6 OZ,75
CHICKEN; STEWED; LIGHT + DARK 1 CUP,250
CHICKPEAS; COOKED; DRAINED 1 CUP,270
CHILI CON CARNE W/ BEANS; CNND1 CUP,340
CHILI POWDER 1 TSP,10
CHOCOLATE CHIP COOKIES;COMMRCL4 COOKIE,180
CHOCOLATE CHIP COOKIES;HME RCP4 COOKIE,185
CHOCOLATE CHIP COOKIES;REFRIG 4 COOKIE,225
CHOCOLATE MILK; LOWFAT 1% 1 CUP,160
CHOCOLATE MILK; LOWFAT 2% 1 CUP,180
CHOCOLATE MILK; REGULAR 1 CUP,210
CHOCOLATE; BITTER OT BAKING 1 OZ,145
CHOP SUEY W/ BEEF + PORK;HMRCP1 CUP,300
CINNAMON 1 TSP,5
CLAM CHOWDER; MANHATTAN; CANND1 CUP,80
CLAM CHOWDER; NEW ENG; W/ MILK1 CUP,165
CLAMS; CANNED; DRAINED 3 OZ,85
CLAMS; RAW 3 OZ,65
CLUB SODA 12 FL OZ,0
COCA PWDR W/O NOFAT DRYMLK;PRD1 SERVNG,225
COCA PWDR W/O NONFAT DRY MILK 3/4 OZ,75
COCOA PWDR W/ NOFAT DRMLK;PRPD1 SERVNG,100
COCOA PWDR WITH NONFAT DRYMILK1 OZ,100
COCONUT; DRIED; SWEETND;SHREDD1 CUP,470
COCONUT; RAW; PIECE 1 PIECE,160
COCONUT; RAW; SHREDDED 1 CUP,285
COFFEE; BREWED 6 FL OZ,0
COFFEE; INSTANT; PREPARED 6 FL OZ,0
COFFEECAKE; CRUMB; FROM MIX 1 CAKE,1385
COFFEECAKE; CRUMB; FROM MIX 1 PIECE,230
COLA; DIET; ASPARTAME ONLY 12 FL OZ,0
COLA; DIET; ASPRTAME + SACCHRN12 FL OZ,0
COLA; DIET; SACCHARIN ONLY 12 FL OZ,0
COLA; REGULAR 12 FL OZ,160
COLLARDS; COOKED FROM FROZEN 1 CUP,60
COLLARDS; COOKED FROM RAW 1 CUP,25
COOKED SALAD DRSSING; HOME RCP1 TBSP,25
CORN CHIPS 1 OZ,155
CORN FLAKES; KELLOGGS 1 OZ,110
CORN FLAKES; TOASTIES 1 OZ,110
CORN GRITS; COOKED; INSTANT 1 PKT,80
CORN GRITS;CKD;REG;WHTE;NOSALT1 CUP,145
CORN GRITS;CKD;REG;WHTE;W/SALT1 CUP,145
CORN GRITS;CKD;REG;YLLW;NOSALT1 CUP,145
CORN GRITS;CKD;REG;YLLW;W/SALT1 CUP,145
CORN MUFFINS; FROM COMMERL MIX1 MUFFIN,145
CORN MUFFINS; HOME RECIPE 1 MUFFIN,145
CORN OIL 1 CUP,1925
CORN OIL 1 TBSP,125
CORN; CNND;CRM STL;WHIT;NO SAL1 CUP,185
CORN; CNND;CRM STL;WHIT;W/SALT1 CUP,185
CORN; CNND;CRM STL;YLLW;NO SAL1 CUP,185
CORN; CNND;CRM STL;YLLW;W/SALT1 CUP,185
CORN; COOKED FRM FROZN; WHITE 1 CUP,135
CORN; COOKED FRM FROZN; WHITE 1 EAR,60
CORN; COOKED FRM FROZN; YELLOW1 CUP,135
CORN; COOKED FRM FROZN; YELLOW1 EAR,60
CORN; COOKED FROM RAW; WHITE 1 EAR,85
CORN; COOKED FROM RAW; YELLOW 1 EAR,85
CORN;CNND;WHL KRNL;WHTE;NO SAL1 CUP,165
CORN;CNND;WHL KRNL;WHTE;W/SALT1 CUP,165
CORN;CNND;WHL KRNL;YLLW;NO SAL1 CUP,165
CORN;CNND;WHL KRNL;YLLW;W/SALT1 CUP,165
CORNMEAL;BOLTED;DRY FORM 1 CUP,440
CORNMEAL;DEGERMED;ENRCHED;COOK1 CUP,120
CORNMEAL;DEGERMED;ENRICHED;DRY1 CUP,500
CORNMEAL;WHOLE-GRND;UNBOLT;DRY1 CUP,435
COTTAGE CHEESE;CREMD;LRGE CURD1 CUP,235
COTTAGE CHEESE;CREMD;SMLL CURD1 CUP,215
COTTAGE CHEESE;CREMD;W/FRUIT 1 CUP,280
COTTAGE CHEESE;LOWFAT 2% 1 CUP,205
COTTAGE CHEESE;UNCREAMED 1 CUP,125
CR OF CHICKEN SOUP W/ H20;CNND1 CUP,115
CR OF CHICKEN SOUP W/ MLK;CNND1 CUP,190
CR OF MUSHROM SOUP W/ H2O;CNND1 CUP,130
CR OF MUSHROM SOUP W/ MLK;CNND1 CUP,205
CRABMEAT; CANNED 1 CUP,135
CRACKED-WHEAT BREAD 1 LOAF,1190
CRACKED-WHEAT BREAD 1 SLICE,65
CRACKED-WHEAT BREAD; TOASTED 1 SLICE,65
CRANBERRY JUICE COCKTAL W/VITC1 CUP,145
CRANBERRY SAUCE; CANNED;SWTND 1 CUP,420
CREAM CHEESE 1 OZ,100
CREAM OF WHEAT;CKD;MIX N EAT 1 PKT,100
CREME PIE 1 PIE,2710
CREME PIE 1 PIECE,455
CRM WHEAT;CKD; QUICK; NO SALT 1 CUP,140
CRM WHEAT;CKD;QUICK; W/ SALT 1 CUP,140
CRM WHEAT;CKD;REG;INST;NO SALT1 CUP,140
CRM WHEAT;CKD;REG;INST;W/SALT 1 CUP,140
CROISSANTS 1 CROSST,235
CUCUMBER; W/ PEEL 6 SLICES,5
CURRY POWDER 1 TSP,5
CUSTARD PIE 1 PIE,1985
CUSTARD PIE 1 PIECE,330
CUSTARD; BAKED 1 CUP,305
DANDELION GREENS; COOKED; DRND1 CUP,35
DANISH PASTRY; FRUIT 1 PASTRY,235
DANISH PASTRY; PLAIN; NO NUTS 1 OZ,110
DANISH PASTRY; PLAIN; NO NUTS 1 PASTRY,220
DANISH PASTRY; PLAIN; NO NUTS 1 RING,1305
DATES 10 DATES,230
DATES; CHOPPED 1 CUP,490
DEVILS FOOD CAKE;CHOCFRST;FMX1 CAKE,3755
DEVILS FOOD CAKE;CHOCFRST;FMX1 CUPCAK,120
DEVILS FOOD CAKE;CHOCFRST;FMX1 PIECE,235
DOUGHNUTS; CAKE TYPE; PLAIN 1 DONUT,210
DOUGHNUTS; YEAST-LEAVEND;GLZED1 DONUT,235
DUCK; ROASTED; FLESH ONLY 1/2 DUCK,445
EGGNOG 1 CUP,340
EGGPLANT; COOKED; STEAMED 1 CUP,25
EGGS; COOKED; FRIED 1 EGG,90
EGGS; COOKED; HARD-COOKED 1 EGG,75
EGGS; COOKED; POACHED 1 EGG,75
EGGS; COOKED; SCRAMBLED/OMELET1 EGG,100
EGGS; RAW; WHITE 1 WHITE,15
EGGS; RAW; WHOLE 1 EGG,75
EGGS; RAW; YOLK 1 YOLK,60
ENCHILADA 1 ENCHLD,235
ENDIVE; CURLY; RAW 1 CUP,10
ENG MUFFIN; EGG; CHEESE; BACON1 SANDWH,360
ENGLISH MUFFINS; PLAIN 1 MUFFIN,140
ENGLISH MUFFINS; PLAIN; TOASTD1 MUFFIN,140
EVAPORATED MILK; SKIM; CANNED 1 CUP,200
EVAPORATED MILK; WHOLE; CANNED1 CUP,340
FATS; COOKING/VEGETBL SHORTENG1 CUP,1810
FATS; COOKING/VEGETBL SHORTENG1 TBSP,115
FETA CHEESE 1 OZ,75
FIG BARS 4 COOKIE,210
FIGS; DRIED 10 FIGS,475
FILBERTS; (HAZELNUTS) CHOPPED 1 CUP,725
FILBERTS; (HAZELNUTS) CHOPPED 1 OZ,180
FISH SANDWICH; LGE; W/O CHEESE1 SANDWH,470
FISH SANDWICH; REG; W/ CHEESE 1 SANDWH,420
FISH STICKS; FROZEN; REHEATED 1 STICK,70
FLOUNDER OR SOLE; BAKED; BUTTR3 OZ,120
FLOUNDER OR SOLE; BAKED;MARGRN3 OZ,120
FLOUNDER OR SOLE; BAKED;W/OFAT3 OZ,80
FONDANT; UNCOATED 1 OZ,105
FRANKFURTER; COOKED 1 FRANK,145
FRENCH BREAD 1 SLICE,100
FRENCH OR VIENNA BREAD 1 LOAF,1270
FRENCH SALAD DRESSING; LOCALOR1 TBSP,25
FRENCH SALAD DRESSING; REGULAR1 TBSP,85
FRENCH TOAST; HOME RECIPE 1 SLICE,155
FRIED PIE; APPLE 1 PIE,255
FRIED PIE; CHERRY 1 PIE,250
FROOT LOOPS CEREAL 1 OZ,110
FRUIT COCKTAIL;CNND;HEAVYSYRUP1 CUP,185
FRUIT COCKTAIL;CNND;JUICE PACK1 CUP,115
FRUIT PUNCH DRINK; CANNED 6 FL OZ,85
FRUITCAKE;DARK; FROM HOMERECIP1 CAKE,5185
FRUITCAKE;DARK; FROM HOMERECIP1 PIECE,165
FUDGE; CHOCOLATE; PLAIN 1 OZ,115
GARLIC POWDER 1 TSP,10
GELATIN DESSERT; PREPARED 1/2 CUP,70
GELATIN; DRY 1 ENVELP,25
GIN;RUM;VODKA;WHISKY 80-PROOF 1.5 F OZ,95
GIN;RUM;VODKA;WHISKY 86-PROOF 1.5 F OZ,105
GIN;RUM;VODKA;WHISKY 90-PROOF 1.5 F OZ,110
GINGER ALE 12 FL OZ,125
GINGERBREAD CAKE; FROM MIX 1 CAKE,1575
GINGERBREAD CAKE; FROM MIX 1 PIECE,175
GOLDEN GRAHAMS CEREAL 1 OZ,110
GRAHAM CRACKER; PLAIN 2 CRACKR,60
GRAPE DRINK; CANNED 6 FL OZ,100
GRAPE JUICE; CANNED 1 CUP,155
GRAPE SODA 12 FL OZ,180
GRAPEFRT JCE;FRZN;CNCN;UNSWTEN6 FL OZ,300
GRAPEFRT JCE;FRZN;DLTD;UNSWTEN1 CUP,100
GRAPEFRUIT JUICE; CANNED;SWTND1 CUP,115
GRAPEFRUIT JUICE; CANNED;UNSWT1 CUP,95
GRAPEFRUIT JUICE; RAW 1 CUP,95
GRAPEFRUIT; CANNED; SYRUP PACK1 CUP,150
GRAPEFRUIT; RAW; PINK 1/2 FRUT,40
GRAPEFRUIT; RAW; WHITE 1/2 FRUT,40
GRAPEJCE;FRZN;CONCEN;SWTND;W/C6 FL OZ,385
GRAPEJCE;FRZN;DILUTD;SWTND;W/C1 CUP,125
GRAPE-NUTS CEREAL 1 OZ,100
GRAPES; EUROPEAN; RAW; THOMPSN10 GRAPE,35
GRAPES; EUROPEAN; RAW; TOKAY 10 GRAPE,40
GRAVY AND TURKEY; FROZEN 5 OZ,95
GREAT NORTHN BEANS;DRY;CKD;DRN1 CUP,210
GROUND BEEF; BROILED; LEAN 3 OZ,230
GROUND BEEF; BROILED; REGULAR 3 OZ,245
GUM DROPS 1 OZ,100
HADDOCK; BREADED; FRIED 3 OZ,175
HALF AND HALF; CREAM 1 CUP,315
HALF AND HALF; CREAM 1 TBSP,20
HALIBUT; BROILED; BUTTER;LEMJU3 OZ,140
HAMBURGER; 4OZ PATTY 1 SANDWH,445
HAMBURGER; REGULAR 1 SANDWH,245
HARD CANDY 1 OZ,110
HERRING; PICKLED 3 OZ,190
HOLLANDAISE SCE; W/ H2O;FRM MX1 CUP,240
HONEY 1 CUP,1030
HONEY 1 TBSP,65
HONEY NUT CHEERIOS CEREAL 1 OZ,105
HONEYDEW MELON; RAW 1/10 MEL,45
ICE CREAM; VANLLA; REGULR 11% 1 CUP,270
ICE CREAM; VANLLA; REGULR 11% 1/2 GALN,2155
ICE CREAM; VANLLA; REGULR 11% 3 FL OZ,100
ICE CREAM; VANLLA; RICH 16% FT1 CUP,350
ICE CREAM; VANLLA; RICH 16% FT1/2 GAL,2805
ICE CREAM; VANLLA; SOFT SERVE 1 CUP,375
ICE MILK; VANILLA; 4% FAT 1 CUP,185
ICE MILK; VANILLA; 4% FAT 1/2 GAL,1470
ICE MILK; VANILLA;SOFTSERV 3% 1 CUP,225
IMITATION CREAMERS; LIQUID FRZ1 TBSP,20
IMITATION CREAMERS; POWDERED 1 TSP,10
IMITATION WHIPPED TOPPING;FRZN1 CUP,240
IMITATION WHIPPED TOPPING;FRZN1 TBSP,15
IMITATN SOUR DRESSING 1 CUP,415
IMITATN SOUR DRESSING 1 TBSP,20
IMITATN WHIPD TOPING;PRESSRZD 1 CUP,185
IMITATN WHIPD TOPING;PRESSRZD 1 TBSP,10
IMITATN WHIPD TOPING;PWDRD;PRP1 CUP,150
IMITATN WHIPD TOPING;PWDRD;PRP1 TBSP,10
ITALIAN BREAD 1 LOAF,1255
ITALIAN BREAD 1 SLICE,85
ITALIAN SALAD DRESSING;LOCALOR1 TBSP,5
ITALIAN SALAD DRESSING;REGULAR1 TBSP,80
JAMS AND PRESERVES 1 PKT,40
JAMS AND PRESERVES 1 TBSP,55
JELLIES 1 PKT,40
JELLIES 1 TBSP,50
JELLY BEANS 1 OZ,105
JERUSALEM-ARTICHOKE; RAW 1 CUP,115
KALE; COOKED FROM FROZEN 1 CUP,40
KALE; COOKED FROM RAW 1 CUP,40
KIWIFRUIT; RAW 1 KIWI,45
KOHLRABI; COOKED; DRAINED 1 CUP,50
LAMB; RIB; ROASTED; LEAN + FAT3 OZ,315
LAMB; RIB; ROASTED; LEAN ONLY 2 OZ,130
LAMB;CHOPS;ARM;BRAISED;LEAN 1.7 OZ,135
LAMB;CHOPS;ARM;BRAISED;LEAN+FT2.2 OZ,220
LAMB;CHOPS;LOIN;BROIL;LEAN 2.3 OZ,140
LAMB;CHOPS;LOIN;BROIL;LEAN+FAT2.8 OZ,235
LAMB;LEG;ROASTED; LEAN ONLY 2.6 OZ,140
LAMB;LEG;ROASTED; LEAN+ FAT 3 OZ,205
LARD 1 CUP,1850
LARD 1 TBSP,115
LEMON JUICE; CANNED 1 CUP,50
LEMON JUICE; CANNED 1 TBSP,5
LEMON JUICE; RAW 1 CUP,60
LEMON JUICE;FRZN;SINGLE-STRNGH6 FL OZ,55
LEMON MERINGUE PIE 1 PIE,2140
LEMON MERINGUE PIE 1 PIECE,355
LEMONADE;CONCEN;FRZEN;DILUTED 6 FL OZ,80
LEMONADE;CONCENTRATE;FRZ;UNDIL6 FL OZ,425
LEMON-LIME SODA 12 FL OZ,155
LEMONS; RAW 1 LEMON,15
LENTILS; DRY; COOKED 1 CUP,215
LETTUCE; BUTTERHEAD; RAW;HEAD 1 HEAD,20
LETTUCE; BUTTERHEAD; RAW;LEAVE1 LEAF,0
LETTUCE; CRISPHEAD; RAW; HEAD 1 HEAD,70
LETTUCE; CRISPHEAD; RAW;PIECES1 CUP,5
LETTUCE; CRISPHEAD; RAW;WEDGE 1 WEDGE,20
LETTUCE; LOOSELEAF 1 CUP,10
LIGHT; COFFEE OR TABLE CREAM 1 CUP,470
LIGHT; COFFEE OR TABLE CREAM 1 TBSP,30
LIMA BEANS; DRY; COOKED;DRANED1 CUP,260
LIMA BEANS;BABY; FRZN;CKED;DRN1 CUP,190
LIMA BEANS;THICK SEED;FRZN;CKD1 CUP,170
LIME JUICE; RAW 1 CUP,65
LIME JUICE;CANNED 1 CUP,50
LIMEADE;CONCEN;FROZEN;DILUTED 6 FL OZ,75
LIMEADE;CONCENTRATE;FRZN;UNDIL6 FL OZ,410
LUCKY CHARMS CEREAL 1 OZ,110
MACADAMIA NUTS; OILRSTD;SALTED1 CUP,960
MACADAMIA NUTS; OILRSTD;SALTED1 OZ,205
MACADAMIA NUTS; OILRSTD;UNSALT1 CUP,960
MACADAMIA NUTS; OILRSTD;UNSALT1 OZ,205
MACARONI AND CHEESE; CANNED 1 CUP,230
MACARONI AND CHEESE; HOME RCPE1 CUP,430
MACARONI; COOKED; FIRM 1 CUP,190
MACARONI; COOKED; TENDER; HOT 1 CUP,155
MACARONI; COOKED; TENDER;COLD 1 CUP,115
MALTED MILK; CHOCOLATE; POWDER3/4 OZ,85
MALTED MILK;CHOCOLATE; PWDRPPD1 SERVNG,235
MALTED MILK;NATURAL; POWDER 3/4 OZ,85
MALTED MILK;NATURAL; PWDR PPRD1 SERVNG,235
MALT-O-MEAL; W/O SALT 1 CUP,120
MALT-O-MEAL; WITH SALT 1 CUP,120
MANGOS; RAW 1 MANGO,135
MARGARINE; IMITATION 40% FAT 1 TBSP,50
MARGARINE; IMITATION 40% FAT 8 OZ,785
MARGARINE; REGULR;HARD;80% FAT1 PAT,35
MARGARINE; REGULR;HARD;80% FAT1 TBSP,100
MARGARINE; REGULR;HARD;80% FAT1/2 CUP,810
MARGARINE; REGULR;SOFT;80% FAT1 TBSP,100
MARGARINE; REGULR;SOFT;80% FAT8 OZ,1625
MARGARINE; SPREAD;HARD;60% FAT1 PAT,25
MARGARINE; SPREAD;HARD;60% FAT1 TBSP,75
MARGARINE; SPREAD;HARD;60% FAT1/2 CUP,610
MARGARINE; SPREAD;SOFT;60% FAT1 TBSP,75
MARGARINE; SPREAD;SOFT;60% FAT8 OZ,1225
MARSHMALLOWS 1 OZ,90
MAYONNAISE TYPE SALAD DRESSING1 TBSP,60
MAYONNAISE; IMITATION 1 TBSP,35
MAYONNAISE; REGULAR 1 TBSP,100
MELBA TOAST; PLAIN 1 PIECE,20
MILK CHOCOLATE CANDY; PLAIN 1 OZ,145
MILK CHOCOLATE CANDY;W/ ALMOND1 OZ,150
MILK CHOCOLATE CANDY;W/ PENUTS1 OZ,155
MILK CHOCOLATE CANDY;W/ RICE C1 OZ,140
MILK; LOFAT; 1%; ADDED SOLIDS 1 CUP,105
MILK; LOFAT; 1%; NO ADDEDSOLID1 CUP,100
MILK; LOFAT; 2%; ADDED SOLIDS 1 CUP,125
MILK; LOFAT; 2%; NO ADDEDSOLID1 CUP,120
MILK; SKIM; ADDED MILK SOLIDS 1 CUP,90
MILK; SKIM; NO ADDED MILKSOLID1 CUP,85
MILK; WHOLE; 3.3% FAT 1 CUP,150
MINESTRONE SOUP; CANNED 1 CUP,80
MISO 1 CUP,470
MIXED GRAIN BREAD 1 LOAF,1165
MIXED GRAIN BREAD 1 SLICE,65
MIXED GRAIN BREAD; TOASTED 1 SLICE,65
MIXED NUTS W/ PEANTS;DRY;SALTD1 OZ,170
MIXED NUTS W/ PEANTS;DRY;UNSLT1 OZ,170
MIXED NUTS W/ PEANTS;OIL;SALTD1 OZ,175
MIXED NUTS W/ PEANTS;OIL;UNSLT1 OZ,175
MOLASSES; CANE; BLACKSTRAP 2 TBSP,85
MOZZARELLA CHEESE; WHOLE MILK 1 OZ,80
MOZZARELLA CHESE;SKIM; LOMOIST1 OZ,80
MUENSTER CHEESE 1 OZ,105
MUSHROOM GRAVY; CANNED 1 CUP,120
MUSHROOMS; CANNED; DRND;W/SALT1 CUP,35
MUSHROOMS; COOKED; DRAINED 1 CUP,40
MUSHROOMS; RAW 1 CUP,20
MUSTARD GREENS; COOKED; DRANED1 CUP,20
MUSTARD; PREPARED; YELLOW 1 TSP,5
NATURE VALLEY GRANOLA CEREAL 1 OZ,125
NECTARINES; RAW 1 NECTRN,65
NONFAT DRY MILK; INSTANTIZED 1 CUP,245
NONFAT DRY MILK; INSTANTIZED 1 ENVLPE,325
NOODLES; CHOW MEIN; CANNED 1 CUP,220
NOODLES; EGG; COOKED 1 CUP,200
OATMEAL BREAD 1 LOAF,1145
OATMEAL BREAD 1 SLICE,65
OATMEAL BREAD; TOASTED 1 SLICE,65
OATMEAL W/ RAISINS COOKIES 4 COOKIE,245
OATMEAL;CKD;INSTNT;FLVRD;FORTF1 PKT,160
OATMEAL;CKD;INSTNT;PLAIN;FORTF1 PKT,105
OATMEAL;CKD;RG;QCK;INST;W/OSAL1 CUP,145
OATMEAL;CKD;RG;QCK;INST;W/SALT1 CUP,145
OCEAN PERCH; BREADED; FRIED 1 FILLET,185
OKRA PODS; COOKED 8 PODS,25
OLIVE OIL 1 CUP,1910
OLIVE OIL 1 TBSP,125
OLIVES; CANNED; GREEN 4 MEDIUM,15
OLIVES; CANNED; RIPE; MISSION 3 SMALL,15
ONION POWDER 1 TSP,5
ONION RINGS; BREADED;FRZN;PRPD2 RINGS,80
ONION SOUP; DEHYDRATD; PREPRED1 PKT,20
ONION SOUP; DEHYDRTD; UNPRPRED1 PKT,20
ONIONS; RAW; CHOPPED 1 CUP,55
ONIONS; RAW; COOKED; DRAINED 1 CUP,60
ONIONS; RAW; SLICED 1 CUP,40
ONIONS; SPRING; RAW 6 ONION,10
ORANGE + GRAPEFRUIT JUCE;CANND1 CUP,105
ORANGE JUICE; CANNED 1 CUP,105
ORANGE JUICE; CHILLED 1 CUP,110
ORANGE JUICE; RAW 1 CUP,110
ORANGE JUICE;FROZEN CONCENTRTE6 FL OZ,340
ORANGE JUICE;FRZN;CNCN;DILUTED1 CUP,110
ORANGE SODA 12 FL OZ,180
ORANGES; RAW 1 ORANGE,60
ORANGES; RAW; SECTIONS 1 CUP,85
OREGANO 1 TSP,5
OYSTERS; BREADED; FRIED 1 OYSTER,90
OYSTERS; RAW 1 CUP,160
PANCAKES; BUCKWHEAT; FROM MIX 1 PANCAK,55
PANCAKES; PLAIN; FROM MIX 1 PANCAK,60
PANCAKES; PLAIN; HOME RECIPE 1 PANCAK,60
PAPAYAS; RAW 1 CUP,65
PAPRIKA 1 TSP,5
PARMESAN CHEESE; GRATED 1 CUP,455
PARMESAN CHEESE; GRATED 1 OZ,130
PARMESAN CHEESE; GRATED 1 TBSP,25
PARSLEY; FREEZE-DRIED 1 TBSP,0
PARSLEY; RAW 10 SPRIG,5
PARSNIPS; COOKED; DRAINED 1 CUP,125
PASTERZD PROCES CHEESE; SWISS 1 OZ,95
PASTERZD PROCES CHEESE;AMERICN1 OZ,105
PASTERZD PROCES CHESE FOOD;AMR1 OZ,95
PASTERZD PROCES CHESE SPRED;AM1 OZ,80
PEA BEANS; DRY; COOKED;DRAINED1 CUP,225
PEA; GREEN; SOUP; CANNED 1 CUP,165
PEACH PIE 1 PIE,2410
PEACH PIE 1 PIECE,405
PEACHES; CANNED; HEAVY SYRUP 1 CUP,190
PEACHES; CANNED; HEAVY SYRUP 1 HALF,60
PEACHES; CANNED; JUICE PACK 1 CUP,110
PEACHES; CANNED; JUICE PACK 1 HALF,35
PEACHES; DRIED 1 CUP,380
PEACHES; DRIED;COOKED;UNSWETND1 CUP,200
PEACHES; FROZEN;SWETNED;W/VITC1 CUP,235
PEACHES; FROZEN;SWETNED;W/VITC10 OZ,265
PEACHES; RAW 1 PEACH,35
PEACHES; RAW; SLICED 1 CUP,75
PEANUT BUTTER 1 TBSP,95
PEANUT BUTTER COOKIE;HOME RECP4 COOKIE,245
PEANUT OIL 1 CUP,1910
PEANUT OIL 1 TBSP,125
PEANUTS; OIL ROASTED; SALTED 1 CUP,840
PEANUTS; OIL ROASTED; SALTED 1 OZ,165
PEANUTS; OIL ROASTED; UNSALTED1 CUP,840
PEANUTS; OIL ROASTED; UNSALTED1 OZ,165
PEARS; CANNED; HEAVY SYRUP 1 CUP,190
PEARS; CANNED; HEAVY SYRUP 1 HALF,60
PEARS; CANNED; JUICE PACK 1 CUP,125
PEARS; CANNED; JUICE PACK 1 HALF,40
PEARS; RAW; BARTLETT 1 PEAR,100
PEARS; RAW; BOSC 1 PEAR,85
PEARS; RAW; DANJOU 1 PEAR,120
PEAS; EDIBLE POD; COOKED;DRNED1 CUP,65
PEAS; GREEN;CNND;DRND; W/ SALT1 CUP,115
PEAS; GREEN;CNND;DRND;W/O SALT1 CUP,115
PEAS; SPLIT; DRY; COOKED 1 CUP,230
PEAS;GRN; FROZEN COOKED;DRANED1 CUP,125
PECAN PIE 1 PIE,3450
PECAN PIE 1 PIECE,575
PECANS; HALVES 1 CUP,720
PECANS; HALVES 1 OZ,190
PEPPER; BLACK 1 TSP,5
PEPPERS; HOT CHILI; RAW; GREEN1 PEPPER,20
PEPPERS; HOT CHILI; RAW; RED 1 PEPPER,20
PEPPERS; SWEET; COOKED; GREEN 1 PEPPER,15
PEPPERS; SWEET; COOKED; RED 1 PEPPER,15
PEPPERS; SWEET; RAW; GREEN 1 PEPPER,20
PEPPERS; SWEET; RAW; RED 1 PEPPER,20
PEPPER-TYPE SODA 12 FL OZ,160
PICKLES; CUCUMBER; DILL 1 PICKLE,5
PICKLES; CUCUMBER; FRESH PACK 2 SLICES,10
PICKLES; CUCUMBER; SWT GHERKIN1 PICKLE,20
PIECRUST; FROM MIX 2 CRUST,1485
PIECRUST;FROM HOME RECIPE 1 SHELL,900
PINE NUTS 1 OZ,160
PINEAPPLE JUICE; CANNED;UNSWTN1 CUP,140
PINEAPPLE; CANNED; HEAVY SYRUP1 CUP,200
PINEAPPLE; CANNED; HEAVY SYRUP1 SLICE,45
PINEAPPLE; CANNED; JUICE PACK 1 CUP,150
PINEAPPLE; CANNED; JUICE PACK 1 SLICE,35
PINEAPPLE; RAW; DICED 1 CUP,75
PINEAPPLE-GRAPEFRUIT JUICEDRNK6 FL OZ,90
PINTO BEANS;DRY;COOKED;DRAINED1 CUP,265
PISTACHIO NUTS 1 OZ,165
PITA BREAD 1 PITA,165
PIZZA; CHEESE 1 SLICE,290
PLANTAINS; COOKED 1 CUP,180
PLANTAINS; RAW 1 PLANTN,220
PLUMS; CANNED; HEAVY SYRUP 1 CUP,230
PLUMS; CANNED; HEAVY SYRUP 3 PLUMS,120
PLUMS; CANNED; JUICE PACK 1 CUP,145
PLUMS; CANNED; JUICE PACK 3 PLUMS,55
PLUMS; RAW; 1-1/2-IN DIAM 1 PLUM,15
PLUMS; RAW; 2-1/8-IN DIAM 1 PLUM,35
POPCORN; AIR-POPPED; UNSALTED 1 CUP,30
POPCORN; POPPED; VEG OIL;SALTD1 CUP,55
POPCORN; SUGAR SYRUP COATED 1 CUP,135
POPSICLE 1 POPCLE,70
PORK CHOP; LOIN; BROIL; LEAN 2.5 OZ,165
PORK CHOP; LOIN; BROIL; LEN+FT3.1 OZ,275
PORK CHOP; LOIN;PANFRY; LEAN 2.4 OZ,180
PORK CHOP; LOIN;PANFRY;LEAN+FT3.1 OZ,335
PORK FRESH HAM; ROASTD; LEAN 2.5 OZ,160
PORK FRESH HAM; ROASTD;LEAN+FT3 OZ,250
PORK FRESH RIB; ROASTD; LEAN 2.5 OZ,175
PORK FRESH RIB; ROASTD;LEAN+FT3 OZ,270
PORK SHOULDER; BRAISD; LEAN 2.4 OZ,165
PORK SHOULDER; BRAISD;LEAN+FAT3 OZ,295
PORK; CURED; BACON; REGUL;CKED3 SLICE,110
PORK; CURED; BACON;CANADN;CKED2 SLICE,85
PORK; CURED; HAM; CANNED;ROAST3 OZ,140
PORK; CURED; HAM; ROSTED;LEAN 2.4 OZ,105
PORK; CURED; HAM; ROSTED;LN+FT3 OZ,205
PORK; LINK; COOKED 1 LINK,50
PORK; LUNCHEON MEAT;CANNED 2 SLICES,140
PORK; LUNCHEON MEAT;CHOPPD HAM2 SLICES,95
PORK; LUNCHEON MEAT;CKD HAM;LN2 SLICES,75
PORK; LUNCHEON MEAT;CKD HAM;RG2 SLICES,105
POTATO CHIPS 10 CHIPS,105
POTATO SALAD MADE W/ MAYONNAIS1 CUP,360
POTATOES; AU GRATIN; FROM MIX 1 CUP,230
POTATOES; AU GRATIN; HOME RECP1 CUP,325
POTATOES; BAKED FLESH ONLY 1 POTATO,145
POTATOES; BAKED WITH SKIN 1 POTATO,220
POTATOES; BOILED; PEELED AFTER1 POTATO,120
POTATOES; BOILED; PEELED BEFOR1 POTATO,115
POTATOES; HASHED BROWN;FR FRZN1 CUP,340
POTATOES; MASHED;FRM DEHYDRTED1 CUP,235
POTATOES; MASHED;RECPE;MLK+MAR1 CUP,225
POTATOES; MASHED;RECPE;W/ MILK1 CUP,160
POTATOES; SCALLOPED; FROM MIX 1 CUP,230
POTATOES; SCALLOPED; HOME RECP1 CUP,210
POTATOES;FRENCH-FRD;FRZN;FRIED10 STRIP,160
POTATOES;FRENCH-FRD;FRZN;OVEN 10 STRIP,110
POUND CAKE; COMMERCIAL 1 LOAF,1935
POUND CAKE; COMMERCIAL 1 SLICE,110
POUND CAKE; FROM HOME RECIPE 1 LOAF,2025
POUND CAKE; FROM HOME RECIPE 1 SLICE,120
PRETZELS; STICK 10 PRETZ,10
PRETZELS; TWISTED; DUTCH 1 PRETZ,65
PRETZELS; TWISTED; THIN 10 PRETZ,240
PRODUCT 19 CEREAL 1 OZ,110
PROVOLONE CHEESE 1 OZ,100
PRUNE JUICE; CANNED 1 CUP,180
PRUNES; DRIED 5 LARGE,115
PRUNES; DRIED; COOKED;UNSWTNED1 CUP,225
PUDDING; CHOC; COOKED FROM MIX1/2 CUP,150
PUDDING; CHOC; INSTANT; FR MIX1/2 CUP,155
PUDDING; CHOCOLATE;CANNED 5 OZ,205
PUDDING; RICE; FROM MIX 1/2 CUP,155
PUDDING; TAPIOCA; CANNED 5 OZ,160
PUDDING; TAPIOCA; FROM MIX 1/2 CUP,145
PUDDING; VANILLA; CANNED 5 OZ,220
PUDDING; VNLLA;COOKED FROM MIX1/2 CUP,145
PUDDING; VNLLA;INSTANT FRM MIX1/2 CUP,150
PUMPERNICKEL BREAD 1 LOAF,1160
PUMPERNICKEL BREAD 1 SLICE,80
PUMPERNICKEL BREAD; TOASTED 1 SLICE,80
PUMPKIN AND SQUASH KERNELS 1 OZ,155
PUMPKIN PIE 1 PIE,1920
PUMPKIN PIE 1 PIECE,320
PUMPKIN; CANNED 1 CUP,85
PUMPKIN; COOKED FROM RAW 1 CUP,50
QUICHE LORRAINE 1 SLICE,600
RADISHES; RAW 4 RADISH,5
RAISIN BRAN; KELLOGGS 1 OZ,90
RAISIN BRAN; POST 1 OZ,85
RAISIN BREAD 1 LOAF,1260
RAISIN BREAD 1 SLICE,65
RAISIN BREAD; TOASTED 1 SLICE,65
RAISINS 1 CUP,435
RAISINS 1 PACKET,40
RASPBERRIES; FROZEN; SWEETENED1 CUP,255
RASPBERRIES; FROZEN; SWEETENED10 OZ,295
RASPBERRIES; RAW 1 CUP,60
RED KIDNEY BEANS; DRY; CANNED 1 CUP,230
REFRIED BEANS; CANNED 1 CUP,295
RELISH; SWEET 1 TBSP,20
RHUBARB; COOKED; ADDED SUGAR 1 CUP,280
RICE KRISPIES CEREAL 1 OZ,110
RICE; BROWN; COOKED 1 CUP,230
RICE; WHITE; COOKED 1 CUP,225
RICE; WHITE; INSTANT; COOKED 1 CUP,180
RICE; WHITE; PARBOILED; COOKED1 CUP,185
RICE; WHITE; PARBOILED; RAW 1 CUP,685
RICE; WHITE; RAW 1 CUP,670
RICOTTA CHEESE; PART SKIM MILK1 CUP,340
RICOTTA CHEESE; WHOLE MILK 1 CUP,430
ROAST BEEF SANDWICH 1 SANDWH,345
ROLLS; DINNER; COMMERCIAL 1 ROLL,85
ROLLS; DINNER; HOME RECIPE 1 ROLL,120
ROLLS; FRANKFURTER + HAMBURGER1 ROLL,115
ROLLS; HARD 1 ROLL,155
ROLLS; HOAGIE OR SUBMARINE 1 ROLL,400
ROOT BEER 12 FL OZ,165
RYE BREAD; LIGHT 1 LOAF,1190
RYE BREAD; LIGHT 1 SLICE,65
RYE BREAD; LIGHT; TOASTED 1 SLICE,65
RYE WAFERS; WHOLE-GRAIN 2 WAFERS,55
SAFFLOWER OIL 1 CUP,1925
SAFFLOWER OIL 1 TBSP,125
SALAMI; COOKED TYPE 2 SLICES,145
SALAMI; DRY TYPE 2 SLICES,85
SALMON; BAKED; RED 3 OZ,140
SALMON; CANNED; PINK; W/ BONES3 OZ,120
SALMON; SMOKED 3 OZ,150
SALT 1 TSP,0
SALTINES 4 CRACKR,50
SANDWICH SPREAD; PORK; BEEF 1 TBSP,35
SANDWICH TYPE COOKIE 4 COOKIE,195
SARDINES; ATLNTC;CNNED;OIL;DRN3 OZ,175
SAUERKRAUT; CANNED 1 CUP,45
SCALLOPS; BREADED; FRZN;REHEAT6 SCALOP,195
SEAWEED; KELP; RAW 1 OZ,10
SEAWEED; SPIRULINA; DRIED 1 OZ,80
SELF-RISING FLOUR; UNSIFTED 1 CUP,440
SEMISWEET CHOCOLATE 1 CUP,860
SESAME SEEDS 1 TBSP,45
SHAKES; THICK; CHOCOLATE 10 OZ,335
SHAKES; THICK; VANILLA 10 OZ,315
SHEETCAKE W/O FRSTNG;HOMERECIP1 CAKE,2830
SHEETCAKE;W/ WHFRSTNG;HOMERCIP1 CAKE,4020
SHEETCAKE;W/ WHFRSTNG;HOMERCIP1 PIECE,445
SHEETCAKE;W/O FRSTNG;HOMERECIP1 PIECE,315
SHERBET; 2% FAT 1 CUP,270
SHERBET; 2% FAT 1/2 GAL,2160
SHORTBREAD COOKIE; COMMERCIAL 4 COOKIE,155
SHORTBREAD COOKIE; HOME RECIPE2 COOKIE,145
SHREDDED WHEAT CEREAL 1 OZ,100
SHRIMP; CANNED; DRAINED 3 OZ,100
SHRIMP; FRENCH FRIED 3 OZ,200
SNACK CAKES;DEVILS FOOD;CREMFLSM CAKE,105
SNACK CAKES;SPONGE CREME FLLNGSM CAKE,155
SNACK TYPE CRACKERS 1 CRACKR,15
SNAP BEAN;CNND;DRND;GREEN;SALT1 CUP,25
SNAP BEAN;CNND;DRND;GRN;NOSALT1 CUP,25
SNAP BEAN;CNND;DRND;YLLW; SALT1 CUP,25
SNAP BEAN;CNND;DRND;YLLW;NOSAL1 CUP,25
SNAP BEAN;FRZ;CKD;DRND;GREEN 1 CUP,35
SNAP BEAN;FRZ;CKD;DRND;YELLOW 1 CUP,35
SNAP BEAN;RAW;CKD;DRND;GREEN 1 CUP,45
SNAP BEAN;RAW;CKD;DRND;YELLOW 1 CUP,45
SOUR CREAM 1 CUP,495
SOUR CREAM 1 TBSP,25
SOY SAUCE 1 TBSP,10
SOYBEAN OIL; HYDROGENATED 1 CUP,1925
SOYBEAN OIL; HYDROGENATED 1 TBSP,125
SOYBEAN-COTTONSEED OIL; HYDRGN1 CUP,1925
SOYBEAN-COTTONSEED OIL; HYDRGN1 TBSP,125
SOYBEANS; DRY; COOKED; DRAINED1 CUP,235
SPAGHETTI; COOKED; FIRM 1 CUP,190
SPAGHETTI; COOKED; TENDER 1 CUP,155
SPAGHETTI; TOM SAUCE CHEE;HMRP1 CUP,260
SPAGHETTI; TOM SAUCE CHEES;CND1 CUP,190
SPAGHETTI;MEATBALLS;TOMSA;HMRP1 CUP,330
SPAGHETTI;MEATBALLS;TOMSAC;CND1 CUP,260
SPECIAL K CEREAL 1 OZ,110
SPINACH SOUFFLE 1 CUP,220
SPINACH; CANNED; DRND;W/ SALT 1 CUP,50
SPINACH; CANNED; DRND;W/O SALT1 CUP,50
SPINACH; COOKED FR FRZEN; DRND1 CUP,55
SPINACH; COOKED FROM RAW; DRND1 CUP,40
SPINACH; RAW 1 CUP,10
SQUASH; SUMMER; COOKED; DRAIND1 CUP,35
SQUASH; WINTER; BAKED 1 CUP,80
STRAWBERRIES; FROZEN; SWEETEND1 CUP,245
STRAWBERRIES; FROZEN; SWEETEND10 OZ,275
STRAWBERRIES; RAW 1 CUP,45
SUGAR COOKIE; FROM REFRIG DOGH4 COOKIE,235
SUGAR FROSTED FLAKES; KELLOGG 1 OZ,110
SUGAR SMACKS CEREAL 1 OZ,105
SUGAR; BROWN; PRESSED DOWN 1 CUP,820
SUGAR; POWDERED; SIFTED 1 CUP,385
SUGAR; WHITE; GRANULATED 1 CUP,770
SUGAR; WHITE; GRANULATED 1 PKT,25
SUGAR; WHITE; GRANULATED 1 TBSP,45
SUNFLOWER OIL 1 CUP,1925
SUNFLOWER OIL 1 TBSP,125
SUNFLOWER SEEDS 1 OZ,160
SUPER SUGAR CRISP CEREAL 1 OZ,105
SWEET (DARK) CHOCOLATE 1 OZ,150
SWEETENED CONDENSED MILK CNND 1 CUP,980
SWEETPOTATOES; BAKED; PEELED 1 POTATO,115
SWEETPOTATOES; BOILED W/O PEEL1 POTATO,160
SWEETPOTATOES; CANDIED 1 PIECE,145
SWEETPOTATOES; CANNED; MASHED 1 CUP,260
SWEETPOTATOES; CNNED; VAC PACK1 PIECE,35
SWISS CHEESE 1 OZ,105
SYRUP; CHOCOLATE FLAVORED THIN2 TBSP,85
SYRUP; CHOCOLATE FLVRED; FUDGE2 TBSP,125
TABLE SYRUP (CORN AND MAPLE) 2 TBSP,122
TACO 1 TACO,195
TAHINI 1 TBSP,90
TANGERINE JUICE; CANNED;SWTNED1 CUP,125
TANGERINES; CANNED; LIGHT SYRP1 CUP,155
TANGERINES; RAW 1 TANGRN,35
TARTAR SAUCE 1 TBSP,75
TEA; BREWED 8 FL OZ,0
TEA; INSTANT;PREPRD;UNSWEETEND8 FL OZ,0
TEA;INSTANT;PREPARD;SWEETENED 8 FL OZ,85
TOASTER PASTRIES 1 PASTRY,210
TOFU 1 PIECE,85
TOMATO JUICE; CANNED W/O SALT 1 CUP,40
TOMATO JUICE; CANNED WITH SALT1 CUP,40
TOMATO PASTE; CANNED W/O SALT 1 CUP,220
TOMATO PASTE; CANNED WITH SALT1 CUP,220
TOMATO PUREE; CANNED W/O SALT 1 CUP,105
TOMATO PUREE; CANNED WITH SALT1 CUP,105
TOMATO SAUCE; CANNED WITH SALT1 CUP,75
TOMATO SOUP W/ WATER; CANNED 1 CUP,85
TOMATO SOUP WITH MILK; CANNED 1 CUP,160
TOMATO VEG SOUP; DEHYD;PREPRED1 PKT,40
TOMATOES; CANNED; S+L; W/ SALT1 CUP,50
TOMATOES; CANNED; S+L;W/O SALT1 CUP,50
TOMATOES; RAW 1 TOMATO,25
TORTILLAS; CORN 1 TORTLA,65
TOTAL CEREAL 1 OZ,100
TRIX CEREAL 1 OZ,110
TROUT; BROILED; W/ BUTTR;LEMJU3 OZ,175
TUNA SALAD 1 CUP,375
TUNA; CANND; DRND;OIL;CHK;LGHT3 OZ,165
TUNA; CANND; DRND;WATR; WHITE 3 OZ,135
TURKEY HAM; CURED TURKEY THIGH2 SLICES,75
TURKEY LOAF; BREAST MEAT W/O C2 SLICES,45
TURKEY LOAF; BREAST MEAT; W/ C2 SLICES,45
TURKEY PATTIES; BRD;BATTD;FRID1 PATTY,180
TURKEY ROAST; FRZN;LGHT+DRK;CK3 OZ,130
TURKEY; ROASTED; DARK MEAT 4 PIECES,160
TURKEY; ROASTED; LIGHT + DARK 1 CUP,240
TURKEY; ROASTED; LIGHT + DARK 3 PIECES,145
TURKEY; ROASTED; LIGHT MEAT 2 PIECES,135
TURNIP GREENS; CKED FRM FROZEN1 CUP,50
TURNIP GREENS; COOKED FROM RAW1 CUP,30
TURNIPS; COOKED; DICED 1 CUP,30
VANILLA WAFERS 10 COOKE,185
VEAL CUTLET; MED FAT;BRSD;BRLD3 OZ,185
VEAL RIB; MED FAT; ROASTED 3 OZ,230
VEGETABLE BEEF SOUP; CANNED 1 CUP,80
VEGETABLE JUICE COCKTAIL; CNND1 CUP,45
VEGETABLES; MIXED; CANNED 1 CUP,75
VEGETABLES; MIXED; CKED FR FRZ1 CUP,105
VEGETARIAN SOUP; CANNED 1 CUP,70
VIENNA BREAD 1 SLICE,70
VIENNA SAUSAGE 1 SAUSAG,45
VINEGAR AND OIL SALAD DRESSING1 TBSP,70
VINEGAR; CIDER 1 TBSP,0
WAFFLES; FROM HOME RECIPE 1 WAFFLE,245
WAFFLES; FROM MIX 1 WAFFLE,205
WALNUTS; BLACK; CHOPPED 1 CUP,760
WALNUTS; BLACK; CHOPPED 1 OZ,170
WALNUTS; ENGLISH; PIECES 1 CUP,770
WALNUTS; ENGLISH; PIECES 1 OZ,180
WATER CHESTNUTS; CANNED 1 CUP,70
WATERMELON; RAW 1 PIECE,155
WATERMELON; RAW; DICED 1 CUP,50
WHEAT BREAD 1 LOAF,1160
WHEAT BREAD 1 SLICE,65
WHEAT BREAD; TOASTED 1 SLICE,65
WHEAT FLOUR; ALL-PURPOSE;SIFTD1 CUP,420
WHEAT FLOUR; ALL-PURPOSE;UNSIF1 CUP,455
WHEAT; THIN CRACKERS 4 CRACKR,35
WHEATIES CEREAL 1 OZ,100
WHIPPED TOPPING; PRESSURIZED 1 CUP,155
WHIPPED TOPPING; PRESSURIZED 1 TBSP,10
WHIPPING CREAM; UNWHIPED;HEAVY1 CUP,820
WHIPPING CREAM; UNWHIPED;HEAVY1 TBSP,50
WHIPPING CREAM; UNWHIPED;LIGHT1 CUP,700
WHIPPING CREAM; UNWHIPED;LIGHT1 TBSP,45
WHITE BREAD 1 LOAF,1210
WHITE BREAD CRUMBS; SOFT 1 CUP,120
WHITE BREAD CUBES 1 CUP,80
WHITE BREAD; SLICE 18 PER LOAF1 SLICE,65
WHITE BREAD; SLICE 22 PER LOAF1 SLICE,55
WHITE BREAD; TOASTED 18 PER 1 SLICE,65
WHITE BREAD; TOASTED 22 PER 1 SLICE,55
WHITE CAKE W/ WHT FRSTNG;COMML1 CAKE,4170
WHITE CAKE W/ WHT FRSTNG;COMML1 PIECE,260
WHITE SAUCE W/ MILK FROM MIX 1 CUP,240
WHITE SAUCE; MEDIUM; HOME RECP1 CUP,395
WHOLE-WHEAT BREAD 1 LOAF,1110
WHOLE-WHEAT BREAD 1 SLICE,70
WHOLE-WHEAT BREAD; TOASTED 1 SLICE,70
WHOLE-WHEAT FLOUR;HRD WHT;STIR1 CUP,400
WHOLE-WHEAT WAFERS; CRACKERS 2 CRACKR,35
WINE; DESSERT 3.5 F OZ,140
WINE; TABLE; RED 3.5 F OZ,75
WINE; TABLE; WHITE 3.5 F OZ,80
YEAST; BAKERS; DRY; ACTIVE 1 PKG,20
YEAST; BREWERS; DRY 1 TBSP,25
YELLOW CAKE W/ CHOC FRST;FRMIX1 CAKE,3735
YELLOW CAKE W/ CHOC FRST;FRMIX1 PIECE,235
YELLOWCAKE W/ CHOCFRSTNG;COMML1 CAKE,3895
YELLOWCAKE W/ CHOCFRSTNG;COMML1 PIECE,245
YOGURT; W/ LOFAT MILK; PLAIN 8 OZ,145
YOGURT; W/ LOFAT MILK;FRUITFLV8 OZ,230
YOGURT; W/ NONFAT MILK 8 OZ,125
YOGURT; W/ WHOLE MILK 8 OZ,140
ZUCHINI; 1/2 CUP,16
